Modulation,SNR(dB),TEB
NRZ,-1.0,0.1071
NRZ,-0.8,0.1058
NRZ,-0.6000000000000001,0.0967
NRZ,-0.4000000000000001,0.088
NRZ,-0.20000000000000007,0.0824
NRZ,-5.551115123125783E-17,0.0711
NRZ,0.19999999999999996,0.074
NRZ,0.39999999999999997,0.0677
NRZ,0.6,0.0658
NRZ,0.8,0.0627
NRZ,1.0,0.0563
NRZ,1.2,0.0553
NRZ,1.4,0.0456
NRZ,1.5999999999999999,0.042
NRZ,1.7999999999999998,0.0414
NRZ,1.9999999999999998,0.0382
