Modulation,SNR(dB),TEB
RZ,-1.0,0.1922
RZ,-0.8,0.1842
RZ,-0.6000000000000001,0.1808
RZ,-0.4000000000000001,0.1746
RZ,-0.20000000000000007,0.1652
RZ,-5.551115123125783E-17,0.1589
RZ,0.19999999999999996,0.1548
RZ,0.39999999999999997,0.1481
RZ,0.6,0.1439
RZ,0.8,0.136
RZ,1.0,0.1289
RZ,1.2,0.1286
RZ,1.4,0.1235
RZ,1.5999999999999999,0.1116
RZ,1.7999999999999998,0.1115
RZ,1.9999999999999998,0.1039
