Modulation,SNR(dB),TEB
NRZT,-1.0,0.2017
NRZT,-0.8,0.1992
NRZT,-0.6000000000000001,0.1927
NRZT,-0.4000000000000001,0.1933
NRZT,-0.20000000000000007,0.1824
NRZT,-5.551115123125783E-17,0.1781
NRZT,0.19999999999999996,0.171
NRZT,0.39999999999999997,0.1635
NRZT,0.6,0.1656
NRZT,0.8,0.1555
NRZT,1.0,0.1522
NRZT,1.2,0.1452
NRZT,1.4,0.136
NRZT,1.5999999999999999,0.1404
NRZT,1.7999999999999998,0.1274
NRZT,1.9999999999999998,0.1219
